<?xml version="1.0" encoding="UTF-8"?>
<!DOCTYPE fontscolors PUBLIC "-//NetBeans//DTD Editor Fonts and Colors settings 1.1//EN" "http://www.netbeans.org/dtds/EditorFontsColors-1_1.dtd">
<fontscolors>
    <fontcolor bgColor="ffeceba3" name="mark-occurrences"/>
    <fontcolor foreColor="ff99006b" name="TODO">
        <font style="bold"/>
    </fontcolor>
    <fontcolor foreColor="ff3366cc" name="BUILTIN_FUNCTION"/>
    <fontcolor name="mod-class">
        <font style="bold"/>
    </fontcolor>
    <fontcolor name="mod-method">
        <font style="bold"/>
    </fontcolor>
    <fontcolor foreColor="ff9933cc" name="DECORATOR"/>
    <fontcolor name="mod-unused" waveUnderlined="ff999999"/>
    <fontcolor default="comment" name="COMMENT"/>
    <fontcolor default="operator" name="ANY_OPERATOR"/>
    <fontcolor foreColor="ffa06001" name="mod-parameter"/>
    <fontcolor foreColor="ff000066" name="BOOL">
        <font style="bold"/>
    </fontcolor>
    <fontcolor name="mod-deprecated" strikeThrough="darkGray"/>
    <fontcolor default="number" name="FLOAT_LITERAL"/>
    <fontcolor default="whitespace" name="WHITESPACE"/>
    <fontcolor default="string" name="STRING_END"/>
    <fontcolor default="number" name="INT_LITERAL"/>
    <fontcolor default="string" name="STRING_BEGIN"/>
    <fontcolor foreColor="ffcc3300" name="ERROR"/>
    <fontcolor default="keyword" name="ANY_KEYWORD"/>
    <fontcolor default="string" name="STRING_LITERAL"/>
    <fontcolor default="identifier" name="IDENTIFIER"/>
</fontscolors>
