<?xml version="1.0" encoding="UTF-8"?>
<!DOCTYPE codetemplates PUBLIC "-//NetBeans//DTD Editor Code Templates settings 1.0//EN" "http://www.netbeans.org/dtds/EditorCodeTemplates-1_0.dtd">
<codetemplates>
    <codetemplate abbreviation="fori" contexts="BLOCK,CASE" xml:space="preserve">
        <code><![CDATA[for (int ${IDX newVarName default="i"} = 0; ${IDX} < ${SIZE int default="size"}; ${IDX}++) 
{
   ${TYPE rightSideType default="Object"} ${ELEM newVarName default="elem"} = ${TYPE_CAST cast default="" editable=false}${ARR array default="array"}[${IDX}];
   ${selection}${cursor}
}
]]></code>
        <description><![CDATA[创建在对象数组上进行迭代的 for 循环。循环的控制变量是数组中的一个整数索引。]]></description>
    </codetemplate>
    <codetemplate abbreviation="wh" contexts="BLOCK,CASE" xml:space="preserve">
        <code><![CDATA[while (${EXP default="exp"}) 
{ 
   ${selection}${cursor} 
}
]]></code>
    </codetemplate>
    <codetemplate abbreviation="clss" xml:space="preserve">
        <code><![CDATA[
#include "${CLS newVarName default="Class"}.h"

${CLS}::${CLS}() 
{
   ${cursor} 
}

${CLS}::${CLS}(const ${CLS}& orig) 
{
}

${CLS}::~${CLS}() 
{
}
]]></code>
        <description><![CDATA[创建类的实现]]></description>
    </codetemplate>
    <codetemplate abbreviation="iff" contexts="BLOCK,CASE" xml:space="preserve">
        <code><![CDATA[if (${EXP default="exp"}) 
{
   ${selection}${cursor}
}
]]></code>
        <description><![CDATA[if (<b>exp</b>) { ...| }]]></description>
    </codetemplate>
    <codetemplate abbreviation="ife" contexts="BLOCK,CASE" xml:space="preserve">
        <code><![CDATA[if (${EXP default="exp"}) 
{
   ${selection}${cursor}
} 
else 
{
}
]]></code>
        <description><![CDATA[if (<b>exp</b>) { ...| } else { ... }]]></description>
    </codetemplate>
    <codetemplate abbreviation="cls" xml:space="preserve">
        <code><![CDATA[
class ${CLS newVarName default="Class"} 
{
public:
    ${CLS}();
    ${CLS}(const ${CLS}& orig);
    virtual ~${CLS}();
private:
   ${cursor} 
};
]]></code>
        <description><![CDATA[创建新类的声明 (没有继承)]]></description>
    </codetemplate>
    <codetemplate abbreviation="fore" contexts="BLOCK,CASE" xml:space="preserve">
        <code><![CDATA[for (${TYPE iterableElementType default="auto" editable=false} ${ELEM newVarName default="elem"} : ${ITER iterable default="col"}) 
{
${selection}${cursor}
}
]]></code>
        <description><![CDATA[创建在对象集合上迭代的 for 循环。]]></description>
    </codetemplate>
</codetemplates>
