<?xml version="1.0" encoding="UTF-8"?>
<!DOCTYPE fontscolors PUBLIC "-//NetBeans//DTD Editor Fonts and Colors settings 1.1//EN" "http://www.netbeans.org/dtds/EditorFontsColors-1_1.dtd">
<fontscolors>
    <fontcolor bgColor="gray" name="mark-occurrences"/>
    <fontcolor foreColor="ff007c00" name="markup-attribute"/>
    <fontcolor name="private"/>
    <fontcolor foreColor="yellow" name="string">
        <font size="14" style="plain"/>
    </fontcolor>
    <fontcolor bgColor="red" name="deprecated" strikeThrough="darkGray"/>
    <fontcolor name="interface"/>
    <fontcolor bgColor="red" foreColor="white" name="error"/>
    <fontcolor foreColor="pink" name="entity-reference"/>
    <fontcolor foreColor="ffcc0033" name="operator"/>
    <fontcolor foreColor="ffad81ff" name="number"/>
    <fontcolor bgColor="ff1e1e1c" foreColor="white" name="default">
        <font name="YaHei Consolas Hybrid" size="15" style="plain"/>
    </fontcolor>
    <fontcolor name="public"/>
    <fontcolor name="protected"/>
    <fontcolor foreColor="fffd971f" name="method-parameter">
        <font style="italic"/>
    </fontcolor>
    <fontcolor name="warning" waveUnderlined="yellow"/>
    <fontcolor foreColor="fff92673" name="keyword"/>
    <fontcolor name="local-variable"/>
    <fontcolor foreColor="cyan" name="class">
        <font style="italic"/>
    </fontcolor>
    <fontcolor name="identifier"/>
    <fontcolor foreColor="green" name="static">
        <font style="italic"/>
    </fontcolor>
    <fontcolor name="method">
        <font style="bold"/>
    </fontcolor>
    <fontcolor foreColor="yellow" name="constructor">
        <font style="bold"/>
    </fontcolor>
    <fontcolor foreColor="gray" name="markup-element"/>
    <fontcolor default="string" name="markup-attribute-value"/>
    <fontcolor name="abstract"/>
    <fontcolor foreColor="ff33ffcc" name="separator">
        <font style="bold"/>
    </fontcolor>
    <fontcolor name="url" underline="ff4e5d93"/>
    <fontcolor foreColor="red" name="enum"/>
    <fontcolor foreColor="ff098618" name="field">
        <font style="bold"/>
    </fontcolor>
    <fontcolor foreColor="yellow" name="char"/>
    <fontcolor foreColor="gray" name="unused" waveUnderlined="pink"/>
    <fontcolor foreColor="ff99ff66" name="comment">
        <font size="14" style="plain"/>
    </fontcolor>
    <fontcolor name="whitespace"/>
</fontscolors>
